CHR	SNP	POS	A1	A2	N	AF1	BETA	SE	P
22	rsHERC001	1000000	G	A	50000	0.15	0.006	0.02	0.02
22	rsHERC002	1010000	T	C	50000	0.16999999999999998	-0.007	0.021	0.020523809523809524
22	rsHERC003	1020000	G	A	50000	0.19	0.008	0.022	0.021047619047619048
22	rsHERC004	1030000	T	C	50000	0.21	-0.009000000000000001	0.023	0.021571428571428571
22	rsHERC005	1040000	G	A	50000	0.22999999999999998	0.01	0.02	0.022095238095238095
22	rsHERC006	1050000	T	C	50000	0.15	-0.011	0.021	0.022619047619047618
22	rsHERC007	1060000	G	A	50000	0.16999999999999998	0.012	0.022	0.023142857142857142
22	rsHERC008	1070000	T	C	50000	0.19	-0.013000000000000001	0.023	0.023666666666666669
22	rsHERC009	1080000	G	A	50000	0.21	0.006	0.02	0.024190476190476193
22	rsHERC010	1090000	T	C	50000	0.22999999999999998	-0.007	0.021	0.024714285714285716
22	rsHERC011	1100000	G	A	50000	0.15	0.008	0.022	0.02523809523809524
22	rsHERC012	1110000	T	C	50000	0.16999999999999998	-0.009000000000000001	0.023	0.025761904761904764
22	rsHERC013	1120000	G	A	50000	0.19	0.01	0.02	0.026285714285714287
22	rsHERC014	1130000	T	C	50000	0.21	-0.011	0.021	0.026809523809523811
22	rsHERC015	1140000	G	A	50000	0.22999999999999998	0.012	0.022	0.027333333333333334
22	rsHERC016	1150000	T	C	50000	0.15	-0.013000000000000001	0.023	0.027857142857142858
22	rsHERC017	1160000	G	A	50000	0.16999999999999998	0.006	0.02	0.028380952380952382
22	rsHERC018	1170000	T	C	50000	0.19	-0.007	0.021	0.028904761904761905
22	rsHERC019	1180000	G	A	50000	0.21	0.008	0.022	0.029428571428571429
22	rsHERC020	1190000	T	C	50000	0.22999999999999998	-0.009000000000000001	0.023	0.029952380952380953
22	rsHERC021	1200000	G	A	50000	0.15	0.01	0.02	0.030476190476190476
22	rsHERC022	1210000	T	C	50000	0.16999999999999998	-0.011	0.021	0.031
22	rsHERC023	1220000	G	A	50000	0.19	0.012	0.022	0.031523809523809523
22	rsHERC024	1230000	T	C	50000	0.21	-0.013000000000000001	0.023	0.032047619047619047
22	rsHERC025	1240000	G	A	50000	0.22999999999999998	0.006	0.02	0.032571428571428571
22	rsHERC026	1250000	T	C	50000	0.15	-0.007	0.021	0.033095238095238094
22	rsHERC027	1260000	G	A	50000	0.16999999999999998	0.008	0.022	0.033619047619047618
22	rsHERC028	1270000	T	C	50000	0.19	-0.009000000000000001	0.023	0.034142857142857141
22	rsHERC029	1280000	G	A	50000	0.21	0.01	0.02	0.034666666666666665
22	rsHERC030	1290000	T	C	50000	0.22999999999999998	-0.011	0.021	0.035190476190476189
22	rsHERC031	1300000	G	A	50000	0.15	0.012	0.022	0.035714285714285712
22	rsHERC032	1310000	T	C	50000	0.16999999999999998	-0.013000000000000001	0.023	0.036238095238095236
22	rsHERC033	1320000	G	A	50000	0.19	0.006	0.02	0.03676190476190476
22	rsHERC034	1330000	T	C	50000	0.21	-0.007	0.021	0.037285714285714283
22	rsHERC035	1340000	G	A	50000	0.22999999999999998	0.008	0.022	0.037809523809523807
22	rsHERC036	1350000	T	C	50000	0.15	-0.009000000000000001	0.023	0.03833333333333333
22	rsHERC037	1360000	G	A	50000	0.16999999999999998	0.01	0.02	0.038857142857142854
22	rsHERC038	1370000	T	C	50000	0.19	-0.011	0.021	0.039380952380952378
22	rsHERC039	1380000	G	A	50000	0.21	0.012	0.022	0.039904761904761901
22	rsHERC040	1390000	T	C	50000	0.22999999999999998	-0.013000000000000001	0.023	0.040428571428571425
22	rsHERC041	1400000	G	A	50000	0.15	0.006	0.02	0.040952380952380948
22	rsHERC042	1410000	T	C	50000	0.16999999999999998	-0.007	0.021	0.041476190476190479
22	rsHERC043	1420000	G	A	50000	0.19	0.008	0.022	0.042000000000000003
22	rsHERC044	1430000	T	C	50000	0.21	-0.009000000000000001	0.023	0.042523809523809526
22	rsHERC045	1440000	G	A	50000	0.22999999999999998	0.01	0.02	0.04304761904761905
22	rsHERC046	1450000	T	C	50000	0.15	-0.011	0.021	0.043571428571428573
22	rsHERC047	1460000	G	A	50000	0.16999999999999998	0.012	0.022	0.044095238095238097
22	rsHERC048	1470000	T	C	50000	0.19	-0.013000000000000001	0.023	0.044619047619047621
22	rsHERC049	1480000	G	A	50000	0.21	0.006	0.02	0.045142857142857144
22	rsHERC050	1490000	T	C	50000	0.22999999999999998	-0.007	0.021	0.045666666666666668
22	rsHERC051	1500000	G	A	50000	0.15	0.008	0.022	0.046190476190476192
22	rsHERC052	1510000	T	C	50000	0.16999999999999998	-0.009000000000000001	0.023	0.046714285714285715
22	rsHERC053	1520000	G	A	50000	0.19	0.01	0.02	0.047238095238095239
22	rsHERC054	1530000	T	C	50000	0.21	-0.011	0.021	0.047761904761904762
22	rsHERC055	1540000	G	A	50000	0.22999999999999998	0.012	0.022	0.048285714285714286
22	rsHERC056	1550000	T	C	50000	0.15	-0.013000000000000001	0.023	0.04880952380952381
22	rsHERC057	1560000	G	A	50000	0.16999999999999998	0.006	0.02	0.04933333333333334
22	rsHERC058	1570000	T	C	50000	0.19	-0.007	0.021	0.049857142857142864
22	rsHERC059	1580000	G	A	50000	0.21	0.008	0.022	0.050380952380952387
22	rsHERC060	1590000	T	C	50000	0.22999999999999998	-0.009000000000000001	0.023	0.050904761904761911
22	rsHERC061	1600000	G	A	50000	0.15	0.01	0.02	0.051428571428571435
22	rsHERC062	1610000	T	C	50000	0.16999999999999998	-0.011	0.021	0.051952380952380958
22	rsHERC063	1620000	G	A	50000	0.19	0.012	0.022	0.052476190476190482
22	rsHERC064	1630000	T	C	50000	0.21	-0.013000000000000001	0.023	0.053000000000000005
