CHR	SNP	POS	A1	A2	N	AF1	BETA	SE	P	var_prior
22	rsHERC001	1000000	G	A	52500	0.15	0.006500000000000001	0.02	0.745181071693432	0.021
22	rsHERC002	1010000	T	C	52500	0.16999999999999998	-0.0075	0.021	0.7209848619016708	0.021523809523809525
22	rsHERC003	1020000	G	A	52500	0.19	0.0085	0.022	0.6992273772039465	0.02204761904761905
22	rsHERC004	1030000	T	C	52500	0.21	-0.009500000000000001	0.023	0.6795747593149349	0.022571428571428572
22	rsHERC005	1040000	G	A	52500	0.22999999999999998	0.0105	0.02	0.5995831909373918	0.023095238095238096
22	rsHERC006	1050000	T	C	52500	0.15	-0.0115	0.021	0.58395350774479	0.02361904761904762
22	rsHERC007	1060000	G	A	52500	0.16999999999999998	0.0125	0.022	0.5699115159653343	0.024142857142857143
22	rsHERC008	1070000	T	C	52500	0.19	-0.013500000000000002	0.023	0.5572329075701281	0.02466666666666667
22	rsHERC009	1080000	G	A	52500	0.21	0.006500000000000001	0.02	0.745181071693432	0.025190476190476194
22	rsHERC010	1090000	T	C	52500	0.22999999999999998	-0.0075	0.021	0.7209848619016708	0.025714285714285717
22	rsHERC011	1100000	G	A	52500	0.15	0.0085	0.022	0.6992273772039465	0.02623809523809524
22	rsHERC012	1110000	T	C	52500	0.16999999999999998	-0.009500000000000001	0.023	0.6795747593149349	0.026761904761904765
22	rsHERC013	1120000	G	A	52500	0.19	0.0105	0.02	0.5995831909373918	0.027285714285714288
22	rsHERC014	1130000	T	C	52500	0.21	-0.0115	0.021	0.58395350774479	0.027809523809523812
22	rsHERC015	1140000	G	A	52500	0.22999999999999998	0.0125	0.022	0.5699115159653343	0.028333333333333335
22	rsHERC016	1150000	T	C	52500	0.15	-0.013500000000000002	0.023	0.5572329075701281	0.02885714285714286
22	rsHERC017	1160000	G	A	52500	0.16999999999999998	0.006500000000000001	0.02	0.745181071693432	0.029380952380952383
22	rsHERC018	1170000	T	C	52500	0.19	-0.0075	0.021	0.7209848619016708	0.029904761904761906
22	rsHERC019	1180000	G	A	52500	0.21	0.0085	0.022	0.6992273772039465	0.03042857142857143
22	rsHERC020	1190000	T	C	52500	0.22999999999999998	-0.009500000000000001	0.023	0.6795747593149349	0.030952380952380953
22	rsHERC021	1200000	G	A	52500	0.15	0.0105	0.02	0.5995831909373918	0.03147619047619048
22	rsHERC022	1210000	T	C	52500	0.16999999999999998	-0.0115	0.021	0.58395350774479	0.032
22	rsHERC023	1220000	G	A	52500	0.19	0.0125	0.022	0.5699115159653343	0.032523809523809524
22	rsHERC024	1230000	T	C	52500	0.21	-0.013500000000000002	0.023	0.5572329075701281	0.03304761904761905
22	rsHERC025	1240000	G	A	52500	0.22999999999999998	0.006500000000000001	0.02	0.745181071693432	0.03357142857142857
22	rsHERC026	1250000	T	C	52500	0.15	-0.0075	0.021	0.7209848619016708	0.034095238095238095
22	rsHERC027	1260000	G	A	52500	0.16999999999999998	0.0085	0.022	0.6992273772039465	0.03461904761904762
22	rsHERC028	1270000	T	C	52500	0.19	-0.009500000000000001	0.023	0.6795747593149349	0.03514285714285714
22	rsHERC029	1280000	G	A	52500	0.21	0.0105	0.02	0.5995831909373918	0.035666666666666666
22	rsHERC030	1290000	T	C	52500	0.22999999999999998	-0.0115	0.021	0.58395350774479	0.03619047619047619
22	rsHERC031	1300000	G	A	52500	0.15	0.0125	0.022	0.5699115159653343	0.03671428571428571
22	rsHERC032	1310000	T	C	52500	0.16999999999999998	-0.013500000000000002	0.023	0.5572329075701281	0.03723809523809524
22	rsHERC033	1320000	G	A	52500	0.19	0.006500000000000001	0.02	0.745181071693432	0.03776190476190476
22	rsHERC034	1330000	T	C	52500	0.21	-0.0075	0.021	0.7209848619016708	0.038285714285714284
22	rsHERC035	1340000	G	A	52500	0.22999999999999998	0.0085	0.022	0.6992273772039465	0.03880952380952381
22	rsHERC036	1350000	T	C	52500	0.15	-0.009500000000000001	0.023	0.6795747593149349	0.03933333333333333
22	rsHERC037	1360000	G	A	52500	0.16999999999999998	0.0105	0.02	0.5995831909373918	0.039857142857142855
22	rsHERC038	1370000	T	C	52500	0.19	-0.0115	0.021	0.58395350774479	0.04038095238095238
22	rsHERC039	1380000	G	A	52500	0.21	0.0125	0.022	0.5699115159653343	0.0409047619047619
22	rsHERC040	1390000	T	C	52500	0.22999999999999998	-0.013500000000000002	0.023	0.5572329075701281	0.041428571428571426
22	rsHERC041	1400000	G	A	52500	0.15	0.006500000000000001	0.02	0.745181071693432	0.04195238095238095
22	rsHERC042	1410000	T	C	52500	0.16999999999999998	-0.0075	0.021	0.7209848619016708	0.04247619047619048
22	rsHERC043	1420000	G	A	52500	0.19	0.0085	0.022	0.6992273772039465	0.043000000000000003
22	rsHERC044	1430000	T	C	52500	0.21	-0.009500000000000001	0.023	0.6795747593149349	0.04352380952380953
22	rsHERC045	1440000	G	A	52500	0.22999999999999998	0.0105	0.02	0.5995831909373918	0.04404761904761905
22	rsHERC046	1450000	T	C	52500	0.15	-0.0115	0.021	0.58395350774479	0.044571428571428574
22	rsHERC047	1460000	G	A	52500	0.16999999999999998	0.0125	0.022	0.5699115159653343	0.0450952380952381
22	rsHERC048	1470000	T	C	52500	0.19	-0.013500000000000002	0.023	0.5572329075701281	0.04561904761904762
22	rsHERC049	1480000	G	A	52500	0.21	0.006500000000000001	0.02	0.745181071693432	0.046142857142857145
22	rsHERC050	1490000	T	C	52500	0.22999999999999998	-0.0075	0.021	0.7209848619016708	0.04666666666666667
22	rsHERC051	1500000	G	A	52500	0.15	0.0085	0.022	0.6992273772039465	0.04719047619047619
22	rsHERC052	1510000	T	C	52500	0.16999999999999998	-0.009500000000000001	0.023	0.6795747593149349	0.047714285714285716
22	rsHERC053	1520000	G	A	52500	0.19	0.0105	0.02	0.5995831909373918	0.04823809523809524
22	rsHERC054	1530000	T	C	52500	0.21	-0.0115	0.021	0.58395350774479	0.04876190476190476
22	rsHERC055	1540000	G	A	52500	0.22999999999999998	0.0125	0.022	0.5699115159653343	0.04928571428571429
22	rsHERC056	1550000	T	C	52500	0.15	-0.013500000000000002	0.023	0.5572329075701281	0.04980952380952381
22	rsHERC057	1560000	G	A	52500	0.16999999999999998	0.006500000000000001	0.02	0.745181071693432	0.05033333333333334
22	rsHERC058	1570000	T	C	52500	0.19	-0.0075	0.021	0.7209848619016708	0.050857142857142865
22	rsHERC059	1580000	G	A	52500	0.21	0.0085	0.022	0.6992273772039465	0.05138095238095239
22	rsHERC060	1590000	T	C	52500	0.22999999999999998	-0.009500000000000001	0.023	0.6795747593149349	0.05190476190476191
22	rsHERC061	1600000	G	A	52500	0.15	0.0105	0.02	0.5995831909373918	0.052428571428571435
22	rsHERC062	1610000	T	C	52500	0.16999999999999998	-0.0115	0.021	0.58395350774479	0.05295238095238096
22	rsHERC063	1620000	G	A	52500	0.19	0.0125	0.022	0.5699115159653343	0.05347619047619048
22	rsHERC064	1630000	T	C	52500	0.21	-0.013500000000000002	0.023	0.5572329075701281	0.054000000000000006
